{
  "provenance": {
    "task_id": 363621,
    "dataset": "blood-transfusion-service-center",
    "fold": 2,
    "model_type": "classification",
    "n_train": 499,
    "n_test": 249,
    "n_features": 4,
    "seed": 2,
    "versions": {
      "python": "3.12.13",
      "xgboost": "3.3.0",
      "openml": "0.15.1",
      "scikit-learn": "1.9.0",
      "numpy": "2.5.0",
      "pandas": "3.0.3",
      "tabpfn": "8.0.8"
    }
  },
  "results": {
    "xgboost_light": {
      "metrics": {
        "accuracy": 0.7188755020080321,
        "roc_auc": 0.6508028545941124,
        "log_loss": 0.7630269527435303
      },
      "fit_predict_s": 0.20313501358032227
    },
    "xgboost_heavy": {
      "metrics": {
        "accuracy": 0.7630522088353414,
        "roc_auc": 0.6894290811775201,
        "log_loss": 0.5093737840652466
      },
      "fit_predict_s": 2.693902015686035
    },
    "random_forest": {
      "metrics": {
        "accuracy": 0.7269076305220884,
        "roc_auc": 0.6585637823371988,
        "log_loss": 1.4152387323002145
      },
      "fit_predict_s": 0.1444568634033203
    },
    "linear_floor": {
      "metrics": {
        "accuracy": 0.7791164658634538,
        "roc_auc": 0.7361730597680642,
        "log_loss": 0.4741226057020717
      },
      "fit_predict_s": 0.005695819854736328
    },
    "tabpfn": {
      "status": "unavailable",
      "reason": "skipped: RUN_TABPFN!=1. TabPFN hangs on a C-level network call when backgrounded in the batch sweep (signal timeout cannot interrupt it); run as a separate TTY pass to backfill."
    }
  }
}