{
  "provenance": {
    "task_id": 363621,
    "dataset": "blood-transfusion-service-center",
    "fold": 2,
    "model_type": "classification",
    "n_train": 499,
    "n_test": 249,
    "n_features": 4,
    "seed": 0,
    "versions": {
      "python": "3.12.13",
      "xgboost": "3.3.0",
      "openml": "0.15.1",
      "scikit-learn": "1.9.0",
      "numpy": "2.5.0",
      "pandas": "3.0.3",
      "tabpfn": "8.0.8"
    },
    "tabpfn_versions": {
      "python": "3.12.13",
      "openml": "0.15.1",
      "scikit-learn": "1.9.0",
      "numpy": "2.5.0",
      "pandas": "3.0.3",
      "tabpfn": "8.0.8"
    }
  },
  "results": {
    "xgboost_light": {
      "metrics": {
        "accuracy": 0.7188755020080321,
        "roc_auc": 0.6508028545941124,
        "log_loss": 0.7630269527435303
      },
      "fit_predict_s": 0.2011549472808838
    },
    "xgboost_heavy": {
      "metrics": {
        "accuracy": 0.7550200803212851,
        "roc_auc": 0.7041480820695808,
        "log_loss": 0.5025922656059265
      },
      "fit_predict_s": 2.8379268646240234
    },
    "random_forest": {
      "metrics": {
        "accuracy": 0.7269076305220884,
        "roc_auc": 0.6694915254237288,
        "log_loss": 1.156854038233892
      },
      "fit_predict_s": 0.13475680351257324
    },
    "linear_floor": {
      "metrics": {
        "accuracy": 0.7791164658634538,
        "roc_auc": 0.7361730597680642,
        "log_loss": 0.4741226057020717
      },
      "fit_predict_s": 0.00572514533996582
    },
    "tabpfn": {
      "metrics": {
        "accuracy": 0.7951807228915663,
        "roc_auc": 0.7223461195361285,
        "log_loss": 0.4929620921611786
      },
      "fit_predict_s": 3.1262600421905518
    },
    "xgboost_optuna": {
      "metrics": {
        "accuracy": 0.7710843373493976,
        "roc_auc": 0.692328278322926,
        "log_loss": 0.513003945350647
      },
      "fit_predict_s": 186.8459210395813,
      "n_trials": 100,
      "inner_cv": 3,
      "best_params": {
        "n_estimators": 864,
        "max_depth": 2,
        "learning_rate": 0.00804516147706299,
        "subsample": 0.6209831686036646,
        "colsample_bytree": 0.7068487837224355,
        "min_child_weight": 9,
        "reg_alpha": 0.0016298097310092703,
        "reg_lambda": 0.09925668602817825,
        "gamma": 0.009144053840382282
      },
      "best_cv_score": -0.46076465646425885
    }
  }
}