{
  "provenance": {
    "task_id": 363711,
    "dataset": "MIC",
    "fold": 1,
    "model_type": "classification",
    "n_train": 1133,
    "n_test": 566,
    "n_features": 111,
    "seed": 0,
    "versions": {
      "python": "3.12.13",
      "xgboost": "3.3.0",
      "openml": "0.15.1",
      "scikit-learn": "1.9.0",
      "numpy": "2.5.0",
      "pandas": "3.0.3",
      "tabpfn": "8.0.8"
    },
    "tabpfn_versions": {
      "python": "3.12.13",
      "openml": "0.15.1",
      "scikit-learn": "1.9.0",
      "numpy": "2.5.0",
      "pandas": "3.0.3",
      "tabpfn": "8.0.8"
    }
  },
  "results": {
    "xgboost_light": {
      "metrics": {
        "accuracy": 0.8886925795053003,
        "roc_auc": 0.8837495817547889,
        "log_loss": 0.5663161277770996
      },
      "fit_predict_s": 1.1745028495788574
    },
    "xgboost_heavy": {
      "metrics": {
        "accuracy": 0.892226148409894,
        "roc_auc": 0.8960687706428748,
        "log_loss": 0.5506573915481567
      },
      "fit_predict_s": 14.116451740264893
    },
    "random_forest": {
      "metrics": {
        "accuracy": 0.8869257950530035,
        "roc_auc": 0.8699830541111347,
        "log_loss": 0.5039398239642494
      },
      "fit_predict_s": 0.3654332160949707
    },
    "linear_floor": {
      "metrics": {
        "accuracy": 0.8674911660777385,
        "roc_auc": 0.848790283585749,
        "log_loss": 0.5889747615839256
      },
      "fit_predict_s": 0.0935978889465332
    },
    "tabpfn": {
      "metrics": {
        "accuracy": 0.892226148409894,
        "roc_auc": 0.8902243962890033,
        "log_loss": 0.4211382567882538
      },
      "fit_predict_s": 11.130028009414673
    },
    "xgboost_optuna": {
      "metrics": {
        "accuracy": 0.892226148409894,
        "roc_auc": 0.882880861648256,
        "log_loss": 0.42557284235954285
      },
      "fit_predict_s": 1221.0607631206512,
      "n_trials": 100,
      "inner_cv": 3,
      "best_params": {
        "n_estimators": 711,
        "max_depth": 7,
        "learning_rate": 0.01252349709688523,
        "subsample": 0.7290488092321362,
        "colsample_bytree": 0.790669232162043,
        "min_child_weight": 5,
        "reg_alpha": 3.0499522800361337e-06,
        "reg_lambda": 1.7661200668098818,
        "gamma": 1.6037165572366139
      },
      "best_cv_score": -0.48351749777793884
    }
  }
}