{
  "provenance": {
    "task_id": 363704,
    "dataset": "students_dropout_and_academic_success",
    "fold": 0,
    "model_type": "classification",
    "n_train": 2949,
    "n_test": 1475,
    "n_features": 36,
    "seed": 0,
    "versions": {
      "python": "3.12.13",
      "xgboost": "3.3.0",
      "openml": "0.15.1",
      "scikit-learn": "1.9.0",
      "numpy": "2.5.0",
      "pandas": "3.0.3",
      "tabpfn": "8.0.8"
    },
    "tabpfn_versions": {
      "python": "3.12.13",
      "openml": "0.15.1",
      "scikit-learn": "1.9.0",
      "numpy": "2.5.0",
      "pandas": "3.0.3",
      "tabpfn": "8.0.8"
    }
  },
  "results": {
    "xgboost_light": {
      "metrics": {
        "accuracy": 0.7749152542372881,
        "roc_auc": 0.8828844977847427,
        "log_loss": 0.6433746814727783
      },
      "fit_predict_s": 0.6307599544525146
    },
    "xgboost_heavy": {
      "metrics": {
        "accuracy": 0.7633898305084745,
        "roc_auc": 0.8838335776483133,
        "log_loss": 0.5680526494979858
      },
      "fit_predict_s": 6.1147301197052
    },
    "random_forest": {
      "metrics": {
        "accuracy": 0.7688135593220339,
        "roc_auc": 0.8715139783228733,
        "log_loss": 0.6095274023833016
      },
      "fit_predict_s": 1.1041510105133057
    },
    "linear_floor": {
      "metrics": {
        "accuracy": 0.7667796610169492,
        "roc_auc": 0.8772285747057397,
        "log_loss": 0.5868450187069545
      },
      "fit_predict_s": 0.09789228439331055
    },
    "tabpfn": {
      "metrics": {
        "accuracy": 0.7776271186440677,
        "roc_auc": 0.8851217947871617,
        "log_loss": 0.5612928867340088
      },
      "fit_predict_s": 12.085234880447388
    },
    "xgboost_optuna": {
      "metrics": {
        "accuracy": 0.7667796610169492,
        "roc_auc": 0.8823186481223516,
        "log_loss": 0.5704364776611328
      },
      "fit_predict_s": 887.008857011795,
      "n_trials": 100,
      "inner_cv": 3,
      "best_params": {
        "n_estimators": 288,
        "max_depth": 3,
        "learning_rate": 0.04147902263819626,
        "subsample": 0.626645801269891,
        "colsample_bytree": 0.7331553864281531,
        "min_child_weight": 3,
        "reg_alpha": 2.6960395124090715e-07,
        "reg_lambda": 9.848640172873773e-08,
        "gamma": 0.005121432011627978
      },
      "best_cv_score": -0.5511162479718527
    }
  }
}